Produktname,Bestellnummer,Preis (€ inkl. MwSt.),Lieferzeit,Stromart (V/Hz),Druck (bar/MPa),Fördermenge (l/h),Flächenleistung (m²/h),Zulauftemperatur (°C),Anschlussleistung (kW),Anschlusskabel (m),Farbe,Gewicht ohne Zubehör (kg),Gewicht inkl. Verpackung (kg),Abmessungen (L × B × H) (mm),Lieferumfang,Ausstattung
K 7 Premium Smart Control Flex eco!B,1.317-365.0,664.99,2-3 Werktage,230 / 50,20 - max. 180 / 2 - max. 18,max. 600,60,max. 60,3,5,gelb,17.8,24.4,459 x 330 x 669,"G 180 Q Smart Control, Multi Jet 3-in-1, eco!Booster, HD-Schlauch 10 m PremiumFlex, Adapter Gartenschlauchanschluss A3/4","Teleskopgriff, Integrierter Wasserfilter"
K 7 Premium Smart Control Flex Home,1.317-363.0,694.99,2-3 Werktage,230 / 50,20 - max. 180 / 2 - max. 18,max. 600,60,max. 60,3,5,gelb,17.8,25.6,459 x 330 x 669,"Home Kit: Flächenreiniger T 7, Stein- und Fassadenreiniger 1l, G 180 Q Smart Control, Multi Jet 3-in-1, HD-Schlauch 10 m PremiumFlex, Adapter Gartenschlauchanschluss A3/4","Integrierte HD-Schlauchtrommel, Integriertes Aufbewahrungsnetz, Quick Connect, Plug 'n' Clean-System, Teleskopgriff, Wassergekühlter Motor, Integrierter Wasserfilter, Bluetooth-App-Verbindung"
K 7 Premium Power Flex,1.317-320.0, ,2-3 Werktage,230 / 50,20 - max. 180 / 2 - max. 18,max. 600,60,max. 60,3,5,gelb,17.8,22.2,459 x 330 x 669,"G 180 Q, Dreckfräser, HD-Schlauch 10 m PremiumFlex, Adapter Gartenschlauchanschluss A3/4","Vario Power Jet, Integrierte HD-Schlauchtrommel, Integriertes Aufbewahrungsnetz, Quick Connect, Plug 'n' Clean-System, Teleskopgriff, Wassergekühlter Motor, Integrierter Wasserfilter"
K 7 Premium Power Flex Home,1.317-322.0,624.99,2-3 Werktage,230 / 50,20 - max. 180 / 2 - max. 18,max. 600,60,max. 60,3,5,gelb,17.8,25.4,459 x 330 x 669,"Home Kit: Flächenreiniger T 7, Stein- und Fassadenreiniger 1l, G 180 Q, Dreckfräser, HD-Schlauch 10 m PremiumFlex, Adapter Gartenschlauchanschluss A3/4","Vario Power Jet, Integrierte HD-Schlauchtrommel, Integriertes Aufbewahrungsnetz, Quick Connect, Plug 'n' Clean-System, Teleskopgriff, Wassergekühlter Motor, Integrierter Wasserfilter"
K 7 Premium Smart Control Flex,1.317-360.0,624.99,2-3 Werktage,230 / 50,20 - max. 180 / 2 - max. 18,max. 600,60,max. 60,3,5,gelb,17.8,23,459 x 330 x 669,"G 180 Q Smart Control, Multi Jet 3-in-1, HD-Schlauch 10 m PremiumFlex, Adapter Gartenschlauchanschluss A3/4","Integrierte HD-Schlauchtrommel, Integriertes Aufbewahrungsnetz, Quick Connect, Plug 'n' Clean-System, Teleskopgriff, Wassergekühlter Motor, Integrierter Wasserfilter"
K 7 Smart Control Flex eco!Booster,1.317-344.0,614.99,2-3 Werktage,230 / 50,20 - max. 180 / 2 - max. 18,max. 600,60,max. 60,3,5,gelb,17.3,24,458 x 330 x 669,"G 180 Q Smart Control, Multi Jet 3-in-1, eco!Booster, 1 l Universalreiniger, HD-Schlauch 10 m PremiumFlex, Adapter Gartenschlauchanschluss A3/4","Integrierte HD-Schlauchtrommel, Integriertes Aufbewahrungsnetz, Quick Connect, Plug 'n' Clean-System, Teleskopgriff, Wassergekühlter Motor, Integrierter Wasserfilter"
K 7 Smart Control Flex Home,1.317-341.0,644.99,2-3 Werktage,230 / 50,20 - max. 180 / 2 - max. 18,max. 600,60,max. 60,3,5,gelb,17.3,25.2,458 x 330 x 669,"Home Kit: Flächenreiniger T 7, Stein- und Fassadenreiniger 1l, G 180 Q Smart Control, Multi Jet 3-in-1, HD-Schlauch 10 m PremiumFlex, Adapter Gartenschlauchanschluss A3/4","Integriertes Aufbewahrungsnetz, Quick Connect, Plug 'n' Clean-System, Wassergekühlter Motor, Integrierter Wasserfilter, Bluetooth-App-Verbindung"
K 7 Power Flex,1.317-300.0,504.99,2-3 Werktage,230 / 50,20 - max. 180 / 2 - max. 18,max. 600,60,max. 60,3,5,gelb,17.3,23,458 x 330 x 669,"G 180 Q, Dreckfräser, HD-Schlauch 10 m PremiumFlex, Adapter Gartenschlauchanschluss A3/4","Vario Power Jet, Integriertes Aufbewahrungsnetz, Quick Connect, Plug 'n' Clean-System, Teleskopgriff, Wassergekühlter Motor, Integrierter Wasserfilter"
K 7 Power Flex Home,1.317-302.0,574.99,2-3 Werktage,230 / 50,20 - max. 180 / 2 - max. 18,max. 600,60,max. 60,3,5,gelb,17.3,24.9,458 x 330 x 669,"Home Kit: Flächenreiniger T 7, Stein- und Fassadenreiniger 1l, G 180 Q, Dreckfräser, HD-Schlauch 10 m PremiumFlex, Adapter Gartenschlauchanschluss A3/4","Vario Power Jet, Integriertes Aufbewahrungsnetz, Quick Connect, Plug 'n' Clean-System, Teleskopgriff, Wassergekühlter Motor, Integrierter Wasserfilter"
K 7 Smart Control Flex,1.317-340.0,574.99,2-3 Werktage,230 / 50,20 - max. 180 / 2 - max. 18,max. 600,60,max. 60,3,5,gelb,17.3,22.6,458 x 330 x 669,"G 180 Q Smart Control, Multi Jet 3-in-1, HD-Schlauch 10 m PremiumFlex, Adapter Gartenschlauchanschluss A3/4","Integriertes Aufbewahrungsnetz, Quick Connect, Plug 'n' Clean-System, Teleskopgriff, Wassergekühlter Motor, Integrierter Wasserfilter, Bluetooth-App-Verbindung"
K 7 WCM Premium Home,1.317-421.0,619.99,2-3 Werktage,230 / 50,20 - max. 180 / 2 - max. 18,max. 600,60,max. 60,3,5,gelb,17.7,24.7,369 x 394 x 946,"Home Kit: Flächenreiniger T 7, Stein- und Fassadenreiniger 1l, G 180 Q, Dreckfräser, HD-Schlauch 10 m, Adapter Gartenschlauchanschluss A3/4","Vario Power Jet, Integrierte HD-Schlauchtrommel, Ansaugschlauch, Wassergekühlter Motor, Integrierter Wasserfilter"
K 7 WCM,1.317-400.0,509.99,2-3 Werktage,230 / 50,20 - max. 180 / 2 - max. 18,max. 600,60,max. 60,3,5,gelb,17.2,21.2,369 x 355 x 946,"G 180 Q, Dreckfräser, HD-Schlauch 10 m, Adapter Gartenschlauchanschluss A3/4","Vario Power Jet, Ansaugschlauch, Wassergekühlter Motor, Integrierter Wasserfilter"
K 7 WCM Car&Home,1.317-404.0,609.99,2-3 Werktage,230 / 50,20 - max. 180 / 2 - max. 18,max. 600,60,max. 60,3,5,gelb,17.2,23,369 x 355 x 946,"Home Kit: Flächenreiniger T 7, Stein- und Fassadenreiniger 1l, Strahlrohrverlängerung, Autoshampoo 1l, G 180 Q, Dreckfräser, HD-Schlauch 10 m, Adapter Gartenschlauchanschluss A3/4","Schaumdüse, Vario Power Jet, Ansaugschlauch, Wassergekühlter Motor, Integrierter Wasserfilter"
K 7 WCM FJ,1.317-402.0,524.99,2-3 Werktage,230 / 50,20 - max. 180 / 2 - max. 18,max. 600,60,max. 60,3,5,gelb,17.1,23,369 x 355 x 946,"Autoshampoo 1l, G 180 Q, Dreckfräser, HD-Schlauch 10 m, Adapter Gartenschlauchanschluss A3/4","Schaumdüse, Vario Power Jet, Ansaugschlauch, Wassergekühlter Motor, Integrierter Wasserfilter"
K 7 WCM Premium,1.317-420.0,549.99,2-3 Werktage,230 / 50,20 - max. 180 / 2 - max. 18,max. 600,60,max. 60,3,5,gelb,17.7,22.4,369 x 394 x 946,"G 180 Q, Dreckfräser, HD-Schlauch 10 m, Adapter Gartenschlauchanschluss A3/4","Vario Power Jet, Integrierte HD-Schlauchtrommel, Ansaugschlauch, Wassergekühlter Motor, Integrierter Wasserfilter"
K 5 Premium Smart Control Flex eco!Booster,1.324-687.0,539.99,3-4 Werktage,230 / 50,20 - max. 145 / 2 - max. 14.5,max. 500,40,max. 40,2.1,5,gelb,13.5,18.5,417 x 306 x 584,"G 180 Q Smart Control, Multi Jet 3-in-1, eco!Booster, HD-Schlauch 10 m PremiumFlex, Adapter Gartenschlauchanschluss A3/4","Teleskopgriff, Integrierter Wasserfilter"
K 5 Power Control Flex,1.324-700.0,389.99,3-4 Werktage,230 / 50,20 - max. 145 / 2 - max. 14.5,max. 500,40,max. 40,2.1,5,gelb,12.2,15.9,405 x 306 x 584,"G 160 Q Power Control, Vario Power Jet, Dreckfräser, HD-Schlauch 10 m PremiumFlex, Adapter Gartenschlauchanschluss A3/4","Integriertes Aufbewahrungsnetz, Quick Connect, Plug 'n' Clean-System, Teleskopgriff, Wassergekühlter Motor, Integrierter Wasserfilter, Wasseransaugung"
K 5 Power Control Flex Home,1.324-703.0,439.99,3-4 Werktage,230 / 50,20 - max. 145 / 2 - max. 14.5,max. 500,40,max. 40,2.1,5,gelb,12.2,18.4,405 x 306 x 584,"Home Kit: Flächenreiniger T 5, Stein- und Fassadenreiniger 1l, G 160 Q Power Control, Vario Power Jet, Dreckfräser, HD-Schlauch 10 m PremiumFlex, Adapter Gartenschlauchanschluss A3/4","Integriertes Aufbewahrungsnetz, Quick Connect, Plug 'n' Clean-System, Teleskopgriff, Wassergekühlter Motor, Integrierter Wasserfilter"
K 5 WCM,1.324-400.0,364.99,3-4 Werktage,230 / 50,20 - max. 145 / 2 - max. 14.5,max. 500,40,max. 40,2.1,5,gelb,12.5,15.9,369 x 329 x 901,"G 180 Q, Vario Power Jet, Dreckfräser, HD-Schlauch 8 m, Adapter Gartenschlauchanschluss A3/4","Ansaugschlauch, Wassergekühlter Motor, Integrierter Wasserfilter, Wasseransaugung"
K 5 WCM Premium,1.324-460.0,404.99,3-4 Werktage,230 / 50,20 - max. 145 / 2 - max. 14.5,max. 500,40,max. 40,2.1,5,gelb,13,17.3,369 x 389 x 901,"G 180 Q, Vario Power Jet, Dreckfräser, HD-Schlauch 8 m, Adapter Gartenschlauchanschluss A3/4","Integrierte HD-Schlauchtrommel, Ansaugschlauch, Wassergekühlter Motor, Integrierter Wasserfilter, Wasseransaugung"
K 5 WCM Premium Home,1.324-462.0,454.99,3-4 Werktage,230 / 50,20 - max. 145 / 2 - max. 14.5,max. 500,40,max. 40,2.1,5,gelb,13,18.5,369 x 389 x 901,"Home Kit: Flächenreiniger T 5, Stein- und Fassadenreiniger 1l, Vario Power Jet, Dreckfräser, HD-Schlauch 8 m, Adapter Gartenschlauchanschluss A3/4","Integrierte HD-Schlauchtrommel, Ansaugschlauch, Wassergekühlter Motor, Integrierter Wasserfilter, Wasseransaugung"
K 5 Classic,1.950-700.0,279.99,3-4 Werktage,220 - 240 / 50 - 60,20 - max. 145 / 2 - max. 14.5,max. 500,40,max. 40,2.1,5,gelb,5.6,8,188 x 252 x 445,"G 180 Q, Vario Power Jet, Dreckfräser, HD-Schlauch 8 m, Adapter Gartenschlauchanschluss A3/4","Quick Connect, Ansaugschlauch, Teleskopgriff, Integrierter Wasserfilter, Wasseransaugung"
K 5 Classic Car & Home,1.950-706.0,359.99,3-4 Werktage,220 - 240 / 50 - 60,20 - max. 145 / 2 - max. 14.5,max. 500,40,max. 40,2.1,5,gelb,5.6,12.4,188 x 252 x 445,"Home Kit: Flächenreiniger T 5, Stein- und Fassadenreiniger 1l, Strahlrohrverlängerung, Rotierende Waschbürste, Schaumdüse, Trockentuch, Autoshampoo 3-in-1 RM 610, G 180 Q, Vario Power Jet, Dreckfräser, HD-Schlauch 8 m, Adapter Gartenschlauchanschluss A3/4","Quick Connect, Ansaugschlauch, Teleskopgriff, Integrierter Wasserfilter, Wasseransaugung"
K 5 Classic Home,1.950-702.0,329.99,3-4 Werktage,220 - 240 / 50 - 60,20 - max. 145 / 2 - max. 14.5,max. 500,40,max. 40,2.1,5,gelb,5.6,10.2,188 x 252 x 445,"Home Kit: Flächenreiniger T 5, Stein- und Fassadenreiniger 1l, G 180 Q, Vario Power Jet, Dreckfräser, HD-Schlauch 8 m, Adapter Gartenschlauchanschluss A3/4","Quick Connect, Ansaugschlauch, Teleskopgriff, Integrierter Wasserfilter, Wasseransaugung"
K 5 FJ,1.679-610.0,319.99,3-4 Werktage,220 - 240 / 50 - 60,20 - max. 145 / 2 - max. 14.5,max. 500,40,max. 40,2.1,5,gelb,6.3,10.8,302 x 346 x 872,"Schaumdüse, Autoshampoo 3-in-1 RM 610, G 180 Q, Vario Power Jet, Dreckfräser, HD-Schlauch 8 m, Adapter Gartenschlauchanschluss A3/4","Ansaugschlauch, Integrierter Wasserfilter, Wasseransaugung"
K 5 FJ Home,1.679-611.0,unbekannt,3-4 Werktage,220 - 240 / 50 - 60,20 - max. 145 / 2 - max. 14.5,max. 500,40,max. 40,2.1,5,gelb,6.3,13.2,302 x 346 x 872,"Home Kit: Flächenreiniger T 5, Stein- und Fassadenreiniger 1l, Strahlrohrverlängerung, Schaumdüse, Autoshampoo 3-in-1 RM 610, G 180 Q, Vario Power Jet, Dreckfräser, HD-Schlauch 8 m, Adapter Gartenschlauchanschluss A3/4","Ansaugschlauch, Integrierter Wasserfilter, Wasseransaugung"
K 5 Premium Smart Control Flex Home,1.324-735.0,549.99,3-4 Werktage,230 / 50,20 - max. 145 / 2 - max. 14.5,max. 500,40,max. 40,2.1,5,gelb,13.5,19.8,417 x 306 x 584,"Home Kit: Flächenreiniger T 5, Stein- und Fassadenreiniger 1l, G 180 Q Smart Control, Multi Jet 3-in-1, HD-Schlauch 10 m PremiumFlex, Adapter Gartenschlauchanschluss A3/4","Integrierte HD-Schlauchtrommel, Integriertes Aufbewahrungsnetz, Quick Connect, Plug 'n' Clean-System, Teleskopgriff, Wassergekühlter Motor, Integrierter Wasserfilter, Wasseransaugung, Bluetooth-App-Verbindung"
K 5 Power Control Flex Home&Brush Anniversary Edition,1.324-709.0,459.99,3-4 Werktage,230 / 50,20 - max. 145 / 2 - max. 14.5,max. 500,40,max. 40,2.1,5,schwarz,12.2,19.8,405 x 306 x 584,"Home Kit: Flächenreiniger T 5, Stein- und Fassadenreiniger 1l, Waschbürste, Universalreiniger RM 626, G 160 Q Power Control, Vario Power Jet, Dreckfräser, HD-Schlauch 10 m PremiumFlex, Adapter Gartenschlauchanschluss A3/4","Integriertes Aufbewahrungsnetz, Quick Connect, Plug 'n' Clean-System, Teleskopgriff, Wassergekühlter Motor, Integrierter Wasserfilter, Wasseransaugung"
K 5 Premium Power Control Flex,1.324-712.0,439.99,3-4 Werktage,230 / 50,20 - max. 145 / 2 - max. 14.5,max. 500,40,max. 40,2.1,5,gelb,12.5,16.6,417 x 306 x 584,"G 160 Q Power Control, Vario Power Jet, Dreckfräser, HD-Schlauch 10 m PremiumFlex, Adapter Gartenschlauchanschluss A3/4","Integrierte HD-Schlauchtrommel, Integriertes Aufbewahrungsnetz, Quick Connect, Plug 'n' Clean-System, Teleskopgriff, Wassergekühlter Motor, Integrierter Wasserfilter, Wasseransaugung"
K 5 Premium Power Control Flex Home,1.324-713.0,nicht angegeben,3-4 Werktage,230 / 50,20 - max. 145 / 2 - max. 14.5,max. 500,40,max. 40,2.1,5,gelb,12.5,18.5,417 x 306 x 584,"Home Kit: Flächenreiniger T 5, Stein- und Fassadenreiniger 1l, G 160 Q Power Control, Vario Power Jet, Dreckfräser, HD-Schlauch 10 m PremiumFlex, Adapter Gartenschlauchanschluss A3/4","Integrierte HD-Schlauchtrommel, Integriertes Aufbewahrungsnetz, Quick Connect, Plug 'n' Clean-System, Teleskopgriff, Wassergekühlter Motor, Integrierter Wasserfilter, Wasseransaugung"
K 5 Premium Smart Control Flex,1.324-732.0,499.99,3-4 Werktage,230 / 50,20 - max. 145 / 2 - max. 14.5,max. 500,40,max. 40,2.1,5,gelb,13.5,17,417 x 306 x 584,"G 180 Q Smart Control, Multi Jet 3-in-1, HD-Schlauch 10 m PremiumFlex, Adapter Gartenschlauchanschluss A3/4","Integrierte HD-Schlauchtrommel, Integriertes Aufbewahrungsnetz, Quick Connect, Plug 'n' Clean-System, Teleskopgriff, Wassergekühlter Motor, Integrierter Wasserfilter, Wasseransaugung, Bluetooth-App-Verbindung"
K 5 Smart Control Flex eco!Booster,1.324-739.0,489.99,3-4 Werktage,230 / 50,20 - max. 145 / 2 - max. 14.5,max. 500,40,max. 40,2.1,5,gelb,13.2,17.6,405 x 306 x 584,"G 180 Q Smart Control, Multi Jet 3-in-1, eco!Booster, HD-Schlauch 10 m PremiumFlex, Adapter Gartenschlauchanschluss A3/4","Integriertes Aufbewahrungsnetz, Quick Connect, Plug 'n' Clean-System, Teleskopgriff, Wassergekühlter Motor, Integrierter Wasserfilter, Wasseransaugung, Bluetooth-App-Verbindung"
K 4 Premium Power Control Flex,1.324-330.0,324.99,3-4 Werktage,230 / 50,20 - max. 130 / 2 - max. 13,max. 420,30,max. 40,1.8,5,gelb,12.2,16,417 x 306 x 584,"G 160 Q Power Control, Vario Power Jet, Dreckfräser, HD-Schlauch 8 m PremiumFlex, Adapter Gartenschlauchanschluss A3/4","Integrierte HD-Schlauchtrommel, Integriertes Aufbewahrungsnetz, Quick Connect, Plug 'n' Clean-System, Teleskopgriff, Wassergekühlter Motor, Integrierter Wasserfilter"
K 4 FJ,1.679-561.0,229.99,3-4 Werktage,220 - 240 / 50 - 60,20 - max. 130,max. 420,30,max. 40,1.8,5,gelb,5.7,9.4,302 x 346 x 872,"Schaumdüse, Autoshampoo 3-in-1 RM 610, G 180 Q, Vario Power Jet, Dreckfräser, HD-Schlauch 6 m, Adapter Gartenschlauchanschluss A3/4","Ansaugung, Integrierter Wasserfilter"
K 4 FJ Home,1.679-562.0,279.99,3-4 Werktage,220 - 240 / 50 - 60,20 - max. 130,max. 420,30,max. 40,1.8,5,gelb,5.7,11.7,302 x 346 x 872,"Home Kit: Flächenreiniger T 5, Stein- und Fassadenreiniger 3in1 1 l, Strahlrohrverlängerung, Schaumdüse, Autoshampoo 3-in-1 RM 610, G 180 Q, Vario Power Jet, Dreckfräser, HD-Schlauch 6 m, Adapter Gartenschlauchanschluss A3/4","Ansaugung, Integrierter Wasserfilter"
K 4 WCM Premium,1.324-230.0,314.99,3-4 Werktage,230 / 50,20 - max. 130 / 2 - max. 13,max. 420,30,max. 40,1.8,nicht angegeben,gelb,12,16.1,369 x 389 x 901,"G 180 Q, Vario Power Jet, Dreckfräser, HD-Schlauch 6 m, Adapter Gartenschlauchanschluss A3/4","Integrierte HD-Schlauchtrommel, Geräteseitiges Quick Connect, Ansaugschlauch, Wassergekühlter Motor, Integrierter Wasserfilter"
K 4 Classic,1.679-420.0,nicht verfügbar,nicht verfügbar,220 - 240 / 50 - 60,20 - max. 130,420,30,max. 40,1.8,5,gelb,4.6,6.5,264 x 256 x 450,"G 120 Q, Vario Power Jet, Dreckfräser, HD-Schlauch 6 m, Adapter Gartenschlauchanschluss A3/4","Geräteseitiges Quick Connect, Ansaugschlauch, Teleskopgriff, Integrierter Wasserfilter"
K 4 Classic Car,1.679-422.0,214.99,3-4 Werktage,220 - 240 / 50 - 60,20 - max. 130,420,30,max. 40,1.8,5,gelb,4.6,8.2,264 x 256 x 450,"Car Kit: Rotierende Waschbürste, 0,3-l-Schaumdüse, Autoshampoo 3-in-1, 1 l, G 120 Q, Vario Power Jet, Dreckfräser, HD-Schlauch 6 m, Adapter Gartenschlauchanschluss A3/4","Geräteseitiges Quick Connect, Ansaugschlauch, Teleskopgriff, Integrierter Wasserfilter"
K 4 Classic Home,1.679-423.0,nicht verfügbar,nicht verfügbar,220 - 240 / 50 - 60,20 - max. 130,420,30,max. 40,1.8,5,gelb,4.6,8.8,264 x 256 x 450,"Home Kit: Flächenreiniger T 5, Stein- und Fassadenreiniger 3in1 1 l, G 120 Q, Vario Power Jet, Dreckfräser, HD-Schlauch 6 m, Adapter Gartenschlauchanschluss A3/4","Geräteseitiges Quick Connect, Ansaugschlauch, Teleskopgriff, Integrierter Wasserfilter"
K 4 WCM Premium Home,1.324-232.0,364.99,3-4 Werktage,230 / 50,20 - max. 130 / 2 - max. 13,max. 420,30,max. 40,1.8,nicht angegeben,gelb,12,17.3,369 x 389 x 901,"Home Kit: Flächenreiniger T 5, Stein- und Fassadenreiniger 3in1 1 l, G 180 Q, Vario Power Jet, Dreckfräser, HD-Schlauch 6 m, Adapter Gartenschlauchanschluss A3/4","Integrierte HD-Schlauchtrommel, Geräteseitiges Quick Connect, Reinigungsmitteleinsatz über Ansaugschlauch, Wassergekühlter Motor, Integrierter Wasserfilter"
K Silent Anniversary Edition,1.600-956.0,219.99,3-4 Werktage,220 - 240 / 50 - 60,20 - max. 130,max. 420,30,max. 40,1.8,5,schwarz,5.1,8.9,313 x 262 x 419,"Car Kit: Waschbürste, Reinigungsmittel Autoshampoo 0,5 l, Schaumdüse, Hochdruckpistole G 120 Q, Vario Power Jet, Dreckfräser, eco!Booster, HD-Schlauch 6 m PremiumFlex, Adapter Gartenschlauchanschluss A3/4","Geräteseitiges Quick Connect, Integrierter Wasserfilter, Kabelaufwicklung"
K Silent eco!Booster,1.600-955.0,239.99,3-4 Werktage,220 - 240 / 50 - 60,20 - max. 130,max. 420,30,max. 40,1.8,5,gelb,5.1,8.2,313 x 262 x 419,"Schaumdüse, Hochdruckpistole G 120 Q, Vario Power Jet, Dreckfräser, eco!Booster, HD-Schlauch 6 m PremiumFlex, Adapter Gartenschlauchanschluss A3/4","Geräteseitiges Quick Connect, Integrierter Wasserfilter"
K 4 Power Control Flex,1.324-300.0,274.99,3-4 Werktage,230 / 50,20 - max. 130 / 2 - max. 13,max. 420,30,max. 40,1.8,5,gelb,11.9,14.8,405 x 306 x 584,"G 160 Q Power Control, Vario Power Jet, Dreckfräser, HD-Schlauch 8 m PremiumFlex, Adapter Gartenschlauchanschluss A3/4","Integriertes Aufbewahrungsnetz, Geräteseitiges Quick Connect, Plug 'n' Clean-System, Teleskopgriff, Wassergekühlter Motor, Integrierter Wasserfilter"
K 4 Power Control Flex Home,1.324-303.0,324.99,3-4 Werktage,230 / 50,20 - max. 130 / 2 - max. 13,max. 420,30,max. 40,1.8,5,gelb,11.9,17.2,405 x 306 x 584,"Home Kit: Flächenreiniger T 5, Stein- und Fassadenreiniger 3in1 1 l, G 160 Q Power Control, Vario Power Jet, Dreckfräser, HD-Schlauch 8 m PremiumFlex, Adapter Gartenschlauchanschluss A3/4","Integriertes Aufbewahrungsnetz, Geräteseitiges Quick Connect, Plug 'n' Clean-System, Teleskopgriff, Wassergekühlter Motor, Integrierter Wasserfilter"
K 4 Premium Power Control Flex Home,1.324-332.0,374.99,3-4 Werktage,230 / 50,20 - max. 130 / 2 - max. 13,max. 420,30,max. 40,1.8,5,gelb,12.2,18,417 x 306 x 584,"Home Kit: Flächenreiniger T 5, Stein- und Fassadenreiniger 3in1 1 l, G 160 Q Power Control, Vario Power Jet, Dreckfräser, HD-Schlauch 8 m PremiumFlex, Adapter Gartenschlauchanschluss A3/4","Integriertes Aufbewahrungsnetz, Geräteseitiges Quick Connect, Plug 'n' Clean-System, Teleskopgriff, Wassergekühlter Motor, Integrierter Wasserfilter"
K 4 WCM,1.324-200.0,274.99,3-4 Werktage,230 / 50,20 - max. 130 / 2 - max. 13,max. 420,30,max. 40,1.8,5,gelb,11.5,14.8,369 x 329 x 901,"G 180 Q, Vario Power Jet, Dreckfräser, HD-Schlauch 6 m, Adapter Gartenschlauchanschluss A3/4","Geräteseitiges Quick Connect, Reinigungsmitteleinsatz über Ansaugschlauch, Wassergekühlter Motor, Integrierter Wasserfilter"
K 3 Power Control,1.676-100.0,159.99,3-4 Werktage,220 - 240 / 50 - 60,20 - max. 120 / 2 - max. 12,max. 380,25,max. 40,1.6,5,gelb,4.4,6.5,297 x 280 x 677,"G 120 Q Power Control, Vario Power Jet, Dreckfräser, HD-Schlauch 7 m, Adapter Gartenschlauchanschluss A3/4","Geräteseitiges Quick Connect, Reinigungsmitteleinsatz über Tank, RM Tank abnehmbar, Integrierter Wasserfilter"
K 3 Classic,1.676-220.0,nicht verfügbar,nicht verfügbar,220 - 240 / 50 - 60,20 - max. 120 / 2 - max. 12,380,25,max. 40,1.6,5,gelb,4.2,5.9,264 x 256 x 450,"Hochdruckpistole: G 120 Q, Vario Power Jet, Dreckfräser, HD-Schlauch 6 m, Adapter Gartenschlauchanschluss A3/4""","Geräteseitiges Quick Connect, Reinigungsmitteleinsatz über Ansaugschlauch, Teleskopgriff, Integrierter Wasserfilter"
K 3 Classic Car,1.676-222.0,129.99,3-4 Werktage,220 - 240 / 50 - 60,20 - max. 120 / 2 - max. 12,380,25,max. 40,1.6,5,gelb,4.2,6.9,264 x 256 x 450,"Car Kit: Waschbürste, Schaumdüse, Reinigungsmittel Autoshampoo 0,5 l, G 120 Q, Vario Power Jet, Dreckfräser, HD-Schlauch 6 m, Adapter Gartenschlauchanschluss A3/4""","Geräteseitiges Quick Connect, Reinigungsmitteleinsatz über Ansaugung, Teleskopgriff, Integrierter Wasserfilter"
K 3 FJ,1.676-358.0,149.99,3-4 Werktage,220 - 240 / 50 - 60,20 - max. 120 / 2 - max. 12,max. 380,25,max. 40,1.6,5,gelb,4.3,7,242 x 285 x 805,"Schaumdüse, Autoshampoo RM 562, G 120 Q, Vario Power Jet, Dreckfräser, HD-Schlauch 6 m, Adapter Gartenschlauchanschluss A3/4""","Geräteseitiges Quick Connect, Reinigungsmitteleinsatz über Ansaugschlauch, Integrierter Wasserfilter"
K 3 FJ Home,1.676-359.0,179.99,3-4 Werktage,220 - 240 / 50 - 60,20 - max. 120 / 2 - max. 12,max. 380,25,max. 40,1.6,5,gelb,4.3,8.2,242 x 285 x 805,"Home Kit: Flächenreiniger T 1, Reinigungsmittel Patio & Deck 0,5 l, Strahlrohrverlängerung, Schaumdüse, Reinigungsmittel Autoshampoo gebrauchsfertig RM 562, G 120 Q, Vario Power Jet, Dreckfräser, HD-Schlauch 6 m, Adapter Gartenschlauchanschluss A3/4""","Geräteseitiges Quick Connect, Reinigungsmitteleinsatz über Ansaugschlauch, Integrierter Wasserfilter"
K 3 Horizontal Plus Home,1.602-824.0,139.99,3-4 Werktage,220 - 240 / 50 - 60,20 - max. 120,max. 380,25,max. 40,1.6,5,gelb,3.6,7.3,380 x 197 x 264,"Home Kit: Flächenreiniger T 1, Reinigungsmittel Patio & Deck 0,5 l, Strahlrohrverlängerung, G 120 Q, Vario Power Jet, Dreckfräser, HD-Schlauch 5 m, Adapter Gartenschlauchanschluss A3/4""","Geräteseitiges Quick Connect, Reinigungsmitteleinsatz über Ansaugschlauch, Integrierter Wasserfilter, Kabelaufwicklung"
K 3 Power Control Home T 5,1.676-106.0,209.99,3-4 Werktage,220 - 240 / 50 - 60,20 - max. 120 / 2 - max. 12,max. 380,25,max. 40,1.6,5,gelb,4.4,8.4,297 x 280 x 677,"Flächenreiniger T 5, Reinigungsmittel RM 564 (0,5 l), G 120 Q Power Control, Vario Power Jet, Dreckfräser, HD-Schlauch 7 m, Adapter Gartenschlauchanschluss A3/4""","Geräteseitiges Quick Connect, Reinigungsmitteleinsatz über Tank, RM Tank abnehmbar"
K 3 Premium Power Control,1.602-750.0,189.99,3-4 Werktage,220 - 240 / 50 - 60,20 - max. 120 / 2 - max. 12,max. 380,25,max. 40,1.6,5,gelb,5.6,7.9,340 x 281 x 677,"G 120 Q Power Control, Vario Power Jet, Dreckfräser, HD-Schlauch 7 m, Adapter Gartenschlauchanschluss A3/4""","Integrierte HD-Schlauchtrommel, Geräteseitiges Quick Connect, Reinigungsmitteleinsatz über Tank, Integrierter Wasserfilter"
K 3 Horizontal Plus,1.602-823.0,nicht verfügbar,nicht verfügbar,220 - 240 / 50 - 60,20 - max. 120,max. 380,25,max. 40,1.6,5,gelb,3.6,5.5,380 x 197 x 264,"G 120 Q, Vario Power Jet, Dreckfräser, HD-Schlauch 5 m, Adapter Gartenschlauchanschluss A3/4""","Geräteseitiges Quick Connect, Reinigungsmitteleinsatz über Ansaugschlauch, Integrierter Wasserfilter, Kabelaufwicklung"
K 2 Premium FJ,1.673-537.0,119.99,3-4 Werktage,220 - 240 / 50 - 60,max. 110 / max. 11,max. 360,20,max. 40,1.4,5,gelb,4.2,6.5,242 x 285 x 790,"Schaumdüse, Autoshampoo gebrauchsfertig RM 562, G 120 Q, 1-fach-Strahlrohr, Dreckfräser, HD-Schlauch 4 m, Adapter Gartenschlauchanschluss A3/4""","Geräteseitiges Quick Connect, Reinigungsmitteleinsatz über Ansaugschlauch, Integrierter Wasserfilter"
K 2 Battery,1.117-200.0,209.99,3-4 Werktage,Akku-Gerät / 36-V-Akkuplattform,max. 110,340,nicht angegeben,max. 40,nicht angegeben,nicht anwendbar,gelb,4.5,7.6,245 x 303 x 629,"G 120 Q Boost, 1-fach-Strahlrohr, Dreckfräser, HD-Schlauch 4 m, Adapter Gartenschlauchanschluss A3/4""","Geräteseitiges Quick Connect, Integrierte Zubehöraufbewahrung, Wasseransaugung, Reinigungsmittelsystem über Ansaugschlauch"
K 2 Classic,1.673-570.0,79.99,3-4 Werktage,220 - 240 / 50 - 60,max. 110 / max. 11,max. 360,20,max. 40,1.4,5,gelb,3.4,4.6,178 x 219 x 415,"G 120 Q, 1-fach-Strahlrohr, Dreckfräser, HD-Schlauch 3 m, Adapter Gartenschlauchanschluss A3/4""","Geräteseitiges Quick Connect, Integrierter Wasserfilter"
K 2 Power Control,1.673-600.0,112.49,3-4 Werktage,220 - 240 / 50 - 60,20 - max. 110 / 2 - max. 11,max. 360,20,max. 40,1.4,5,gelb,4,5.6,246 x 280 x 586,"Hochdruckpistole: G 120 Q, Vario Power Jet, Click Vario Power-Strahlohr, Dreckfräser, HD-Schlauch: 5 m, Adapter Gartenschlauchanschluss A3/4""","Geräteseitiges Quick Connect, Reinigungsmitteleinsatz über: Ansaugung, Teleskopgriff, Integrierter Wasserfilter"
K 2 Power Control Car & Home,1.673-607.0,152.49,3-4 Werktage,220 - 240 / 50 - 60,20 - max. 110 / 2 - max. 11,max. 360,20,max. 40,1.4,5,gelb,4,7.8,246 x 280 x 586,"Home Kit: Flächenreiniger T 1, Reinigungsmittel Patio & Deck 0,5 l; Car Kit: Waschbürste, Schaumdüse, Reinigungsmittel Autoshampoo 0,5 l, G 120 Q, Vario Power Jet, Click Vario Power-Strahlohr, Dreckfräser, HD-Schlauch 5 m, Adapter Gartenschlauchanschluss A3/4""","Geräteseitiges Quick Connect, Reinigungsmitteleinsatz über Ansaugung, Teleskopgriff, Integrierter Wasserfilter"
K 2 Premium FJ Home,1.673-538.0,149.99,3-4 Werktage,220 - 240 / 50 - 60,max. 110 / max. 11,max. 360,20,max. 40,1.4,5,gelb,4.2,7.8,242 x 285 x 790,"Home Kit: Flächenreiniger T 1, Reinigungsmittel Patio & Deck 0,5 l, Strahlrohrverlängerung, Schaumdüse, Reinigungsmittel Autoshampoo gebrauchsfertig RM 562, G 120 Q, 1-fach-Strahlrohr, Dreckfräser, HD-Schlauch 4 m, Adapter Gartenschlauchanschluss A3/4""","Geräteseitiges Quick Connect, Reinigungsmitteleinsatz über Ansaugschlauch, Integrierter Wasserfilter"
K 2 Premium Horizontal VPS Home,1.600-938.0,129.99,3-4 Werktage,220 - 240 / 50 - 60,20 - max. 110,max. 360,20,max. 40,nicht angegeben,nicht angegeben,gelb,3.5,7.2,380 x 197 x 264,"Home Kit: Flächenreiniger T 1, Reinigungsmittel Patio & Deck 0,5 l, G 120 Q, Vario Power Jet, Dreckfräser, HD-Schlauch 4 m, Adapter Gartenschlauchanschluss A3/4""","Geräteseitiges Quick Connect, Reinigungsmitteleinsatz über Ansaugschlauch, Integrierter Wasserfilter, Kabelaufwicklung"
K 2 Battery Set,1.117-220.0,nicht verfügbar,nicht verfügbar,Akku-Gerät / 36-V-Akkuplattform,max. 110,340,nicht angegeben,max. 40,nicht angegeben,nicht anwendbar,gelb,4.5,8.5,245 x 303 x 629,"Akku 36 V / 5,0 Ah Battery Power, Ladegerät 36 V Standard, G 120 Q Boost, 1-fach-Strahlrohr, Dreckfräser, HD-Schlauch 4 m, Adapter Gartenschlauchanschluss A3/4""","Geräteseitiges Quick Connect, Reinigungsmitteleinsatz über Ansaugschlauch, Integrierter Wasserfilter, Integrierte Zubehöraufbewahrung"
K 2 Horizontal VPS,1.600-941.0,79.99,3-4 Werktage,220 - 240 / 50 - 60,20 - max. 110,max. 360,20,max. 40,1.4,5,gelb,3.5,4.9,380 x 197 x 248,"G 120 Q, Vario Power Jet, Adapter Gartenschlauchanschluss A3/4""","Geräteseitiges Quick Connect, Reinigungsmitteleinsatz über Ansaugschlauch, Integrierter Wasserfilter, Kabelaufwicklung"
K 2 Power Control Home,1.673-603.0,142.49,3-4 Werktage,220 - 240 / 50 - 60,20 - max. 110 / 2 - max. 11,max. 360,20,max. 40,1.4,5,gelb,4,6.7,246 x 280 x 586,"Home Kit: Flächenreiniger T 1, Reinigungsmittel Patio & Deck 0,5 l, G 120 Q, Vario Power Jet, Click Vario Power-Strahlohr, Dreckfräser, HD-Schlauch 5 m, Adapter Gartenschlauchanschluss A3/4""","Geräteseitiges Quick Connect, Reinigungsmitteleinsatz über Ansaugung, Teleskopgriff, Integrierter Wasserfilter"
K 2 Universal Edition,1.673-010.0,74.99,3-4 Werktage,220 - 240 / 50 - 60,110 / 11,max. 360,20,max. 40,1.4,nicht angegeben,gelb,3.8,4.6,182 x 280 x 390,"Hochdruckpistole: G 120 Q, Dreckfräser, HD-Schlauch: 3 m, Adapter Gartenschlauchanschluss A3/4""",Integrierter Wasserfilter
K 2 Universal Edition Home,1.673-006.0,104.99,3-4 Werktage,220 - 240 / 50 - 60,110 / 11,max. 360,20,max. 40,1.4,nicht angegeben,gelb,3.8,6,182 x 280 x 390,"Home Kit: Flächenreiniger T 1, Reinigungsmittel Patio & Deck 0,5 l, Hochdruckpistole: G 120 Q, Dreckfräser, HD-Schlauch: 3 m, Adapter Gartenschlauchanschluss A3/4""",Integrierter Wasserfilter
K Mini,1.600-054.0,nicht verfügbar,nicht verfügbar,220 - 240 / 50 - 60,20 - max. 110 / 2 - max. 11,max. 360,20,max. 40,1.4,5,gelb,3.9,5.8,278 x 233 x 296,"Strahlrohrverlängerung, G 110 Q Short, Vario Power Jet, HD-Schlauch 5 m PremiumFlex, Adapter Gartenschlauchanschluss A3/4""","Geräteseitiges Quick Connect, Integrierter Wasserfilter, Kabelaufwicklung"
